t,x,y
0.000000E0,9.857835E-3,4.998423E-2
1.666813E-2,,
3.333626E-2,,
5.000439E-2,,
6.667251E-2,,
8.334064E-2,9.966814E-3,5.010453E-2
1.000088E-1,,
1.166769E-1,,
1.333450E-1,,
1.500132E-1,,
1.666813E-1,9.856714E-3,4.992108E-2
1.833494E-1,,
2.000175E-1,,
2.166857E-1,,
2.333538E-1,,
2.500219E-1,9.920988E-3,4.998311E-2
2.666901E-1,,
2.833582E-1,,
3.000263E-1,,
3.166944E-1,,
3.333626E-1,9.924351E-3,5.017257E-2
3.500307E-1,,
3.666988E-1,,
3.833670E-1,,
4.000351E-1,,
4.167032E-1,9.799166E-3,5.023796E-2
4.333713E-1,,
4.500395E-1,,
4.667076E-1,,
4.833757E-1,,
5.000439E-1,9.729287E-3,4.986017E-2
5.167120E-1,,
5.333801E-1,,
5.500482E-1,,
5.667164E-1,,
5.833845E-1,9.984141E-3,4.998199E-2
6.000526E-1,,
6.167208E-1,,
6.333889E-1,,
6.500570E-1,,
6.667251E-1,9.795803E-3,5.004850E-2
6.833933E-1,,
7.000614E-1,,
7.167295E-1,,
7.333977E-1,,
7.500658E-1,9.660529E-3,4.954552E-2
7.667339E-1,,
7.834020E-1,,
8.000702E-1,,
8.167383E-1,,
8.334064E-1,9.847745E-3,4.941585E-2
8.500746E-1,,
8.667427E-1,,
8.834108E-1,,
9.000789E-1,,
9.167471E-1,1.010372E-2,4.960083E-2
9.334152E-1,,
9.500833E-1,,
9.667515E-1,,
9.834196E-1,,
1.000088E0,9.917625E-3,4.979365E-2
1.016756E0,,
1.033424E0,,
1.050092E0,,
1.066760E0,,
1.083428E0,9.418007E-3,5.011838E-2
1.100096E0,,
1.116765E0,,
1.133433E0,,
1.150101E0,,
1.166769E0,9.734892E-3,5.017593E-2
1.183437E0,,
1.200105E0,,
1.216773E0,,
1.233442E0,,
1.250110E0,9.796924E-3,5.011166E-2
1.266778E0,,
1.283446E0,,
1.300114E0,,
1.316782E0,,
1.333450E0,9.855593E-3,4.985792E-2
1.350118E0,,
1.366787E0,,
1.383455E0,,
1.400123E0,,
1.416791E0,9.682355E-3,5.019098E-2
1.433459E0,,
1.450127E0,,
1.466795E0,,
1.483463E0,,
1.500132E0,9.966218E-3,4.923320E-2
1.516800E0,,
1.533468E0,,
1.550136E0,,
1.566804E0,,
1.583472E0,9.770154E-3,4.948740E-2
1.600140E0,,
1.616808E0,,
1.633477E0,,
1.650145E0,,
1.666813E0,9.767485E-3,4.933701E-2
1.683481E0,,
1.700149E0,,
1.716817E0,,
1.733485E0,,
1.750154E0,9.625998E-3,4.984097E-2
1.766822E0,,
1.783490E0,,
1.800158E0,,
1.816826E0,,
1.833494E0,9.576759E-3,4.989199E-2
1.850162E0,,
1.866830E0,,
1.883499E0,,
1.900167E0,,
1.916835E0,9.835410E-3,5.033869E-2
1.933503E0,,
1.950171E0,,
1.966839E0,,
1.983507E0,,
2.000175E0,9.634007E-3,5.029212E-2
2.016844E0,,
2.033512E0,,
2.050180E0,,
2.066848E0,,
2.083516E0,9.579429E-3,5.004237E-2
2.100184E0,,
2.116852E0,,
2.133520E0,,
2.150189E0,,
2.166857E0,9.874860E-3,4.973626E-2
2.183525E0,,
2.200193E0,,
2.216861E0,,
2.233529E0,,
2.250197E0,9.727145E-3,4.988932E-2
2.266865E0,,
2.283534E0,,
2.300202E0,,
2.316870E0,,
2.333538E0,9.519512E-3,4.949185E-2
2.350206E0,,
2.366874E0,,
2.383542E0,,
2.400211E0,,
2.416879E0,9.515953E-3,4.929133E-2
2.433547E0,,
2.450215E0,,
2.466883E0,,
2.483551E0,,
2.500219E0,9.871301E-3,4.953575E-2
2.516887E0,,
2.533556E0,,
2.550224E0,,
2.566892E0,,
2.583560E0,9.571420E-3,4.959122E-2
2.600228E0,,
2.616896E0,,
2.633564E0,,
2.650232E0,,
2.666901E0,9.571420E-3,4.959122E-2
2.683569E0,,
2.700237E0,,
2.716905E0,,
2.733573E0,,
2.750241E0,9.778163E-3,4.993855E-2
2.766909E0,,
2.783577E0,,
2.800246E0,,
2.816914E0,,
2.833582E0,9.627778E-3,4.994122E-2
2.850250E0,,
2.866918E0,,
2.883586E0,,
2.900254E0,,
2.916923E0,9.821172E-3,4.953664E-2
2.933591E0,,
2.950259E0,,
2.966927E0,,
2.983595E0,,
3.000263E0,9.623328E-3,4.969058E-2
3.016931E0,,
3.033599E0,,
3.050268E0,,
3.066936E0,,
3.083604E0,9.924099E-3,4.968524E-2
3.100272E0,,
3.116940E0,,
3.133608E0,,
3.150276E0,,
3.166944E0,9.811384E-3,4.898523E-2
3.183613E0,,
3.200281E0,,
3.216949E0,,
3.233617E0,,
3.250285E0,9.659219E-3,4.888764E-2
3.266953E0,,
3.283621E0,,
3.300289E0,,
3.316958E0,,
3.333626E0,9.814054E-3,4.913561E-2
3.350294E0,,
3.366962E0,,
3.383630E0,,
3.400298E0,,
3.416966E0,9.663668E-3,4.913828E-2
3.433635E0,,
3.450303E0,,
3.466971E0,,
3.483639E0,,
3.500307E0,9.919649E-3,4.943460E-2
3.516975E0,,
3.533643E0,,
3.550311E0,,
3.566980E0,,
3.583648E0,9.719136E-3,4.943816E-2
3.600316E0,,
3.616984E0,,
3.633652E0,,
3.650320E0,,
3.666988E0,9.667228E-3,4.933879E-2
3.683656E0,,
3.700325E0,,
3.716993E0,,
3.733661E0,,
3.750329E0,9.912531E-3,4.903357E-2
3.766997E0,,
3.783665E0,,
3.800333E0,,
3.817001E0,,
3.833670E0,9.664558E-3,4.918841E-2
3.850338E0,,
3.867006E0,,
3.883674E0,,
3.900342E0,,
3.917010E0,1.005402E-2,4.852962E-2
3.933678E0,,
3.950346E0,,
3.967015E0,,
3.983683E0,,
4.000351E0,9.806935E-3,4.873458E-2
4.017019E0,,
4.033687E0,,
4.050355E0,,
4.067023E0,,
4.083692E0,9.803375E-3,4.853407E-2
4.100360E0,,
4.117028E0,,
4.133696E0,,
4.150364E0,,
4.167032E0,9.658329E-3,4.883751E-2
4.183700E0,,
4.200368E0,,
4.217037E0,,
4.233705E0,,
4.250373E0,9.706678E-3,4.873636E-2
4.267041E0,,
4.283709E0,,
4.300377E0,,
4.317045E0,,
4.333713E0,9.862402E-3,4.903446E-2
4.350382E0,,
4.367050E0,,
4.383718E0,,
4.400386E0,,
4.417054E0,9.812274E-3,4.903535E-2
4.433722E0,,
4.450390E0,,
4.467058E0,,
4.483727E0,,
4.500395E0,9.712907E-3,4.908726E-2
4.517063E0,,
4.533731E0,,
4.550399E0,,
4.567067E0,,
4.583735E0,9.608201E-3,4.883840E-2
4.600404E0,,
4.617072E0,,
4.633740E0,,
4.650408E0,,
4.667076E0,9.952871E-3,4.848127E-2
4.683744E0,,
4.700412E0,,
4.717080E0,,
4.733749E0,,
4.750417E0,9.546504E-3,4.818762E-2
4.767085E0,,
4.783753E0,,
4.800421E0,,
4.817089E0,,
4.833757E0,9.746128E-3,4.813393E-2
4.850425E0,,
4.867094E0,,
4.883762E0,,
4.900430E0,,
4.917098E0,9.699559E-3,4.833534E-2
4.933766E0,,
4.950434E0,,
4.967102E0,,
4.983770E0,,
5.000439E0,9.751467E-3,4.843470E-2
5.017107E0,,
5.033775E0,,
5.050443E0,,
5.067111E0,,
5.083779E0,9.749687E-3,4.833445E-2
5.100447E0,,
5.117115E0,,
5.133784E0,,
5.150452E0,,
5.167120E0,9.755027E-3,4.863522E-2
5.183788E0,,
5.200456E0,,
5.217124E0,,
5.233792E0,,
5.250461E0,9.653880E-3,4.858687E-2
5.267129E0,,
5.283797E0,,
5.300465E0,,
5.317133E0,,
5.333801E0,9.941303E-3,4.782960E-2
5.350469E0,,
5.367137E0,,
5.383806E0,,
5.400474E0,,
5.417142E0,9.549174E-3,4.833801E-2
5.433810E0,,
5.450478E0,,
5.467146E0,,
5.483814E0,,
5.500482E0,9.797146E-3,4.818317E-2
5.517151E0,,
5.533819E0,,
5.550487E0,,
5.567155E0,,
5.583823E0,9.788248E-3,4.768189E-2
5.600491E0,,
5.617159E0,,
5.633827E0,,
5.650496E0,,
5.667164E0,9.835707E-3,4.753061E-2
5.683832E0,,
5.700500E0,,
5.717168E0,,
5.733836E0,,
5.750504E0,9.640532E-3,4.783494E-2
5.767173E0,,
5.783841E0,,
5.800509E0,,
5.817177E0,,
5.833845E0,9.638752E-3,4.773468E-2
5.850513E0,,
5.867181E0,,
5.883849E0,,
5.900518E0,,
5.917186E0,9.742569E-3,4.793342E-2
5.933854E0,,
5.950522E0,,
5.967190E0,,
5.983858E0,,
6.000526E0,9.543835E-3,4.803723E-2
6.017194E0,,
6.033863E0,,
6.050531E0,,
6.067199E0,,
6.083867E0,9.593073E-3,4.798622E-2
6.100535E0,,
6.117203E0,,
6.133871E0,,
6.150539E0,,
6.167208E0,9.585065E-3,4.753506E-2
6.183876E0,,
6.200544E0,,
6.217212E0,,
6.233880E0,,
6.250548E0,9.884055E-3,4.742946E-2
6.267216E0,,
6.283885E0,,
6.300553E0,,
6.317221E0,,
6.333889E0,9.627184E-3,4.708302E-2
6.350557E0,,
6.367225E0,,
6.383893E0,,
6.400561E0,,
6.417230E0,9.458365E-3,4.705379E-2
6.433898E0,,
6.450566E0,,
6.467234E0,,
6.483902E0,,
6.500570E0,9.457804E-3,4.702221E-2
6.517238E0,,
6.533906E0,,
6.550575E0,,
6.567243E0,,
6.583911E0,9.491062E-3,4.711638E-2
6.600579E0,,
6.617247E0,,
6.633915E0,,
6.650583E0,,
6.667251E0,9.648945E-3,4.711358E-2
6.683920E0,,
6.700588E0,,
6.717256E0,,
6.733924E0,,
6.750592E0,9.555336E-3,4.717841E-2
6.767260E0,,
6.783928E0,,
6.800596E0,,
6.817265E0,,
6.833933E0,9.493865E-3,4.727426E-2
6.850601E0,,
6.867269E0,,
6.883937E0,,
6.900605E0,,
6.917273E0,9.619610E-3,4.724044E-2
6.933942E0,,
6.950610E0,,
6.967278E0,,
6.983946E0,,
7.000614E0,9.485457E-3,4.680061E-2
7.017282E0,,
7.033950E0,,
7.050618E0,,
7.067287E0,,
7.083955E0,9.611763E-3,4.679837E-2
7.100623E0,,
7.117291E0,,
7.133959E0,,
7.150627E0,,
7.167295E0,9.415017E-3,4.639124E-2
7.183963E0,,
7.200632E0,,
7.217300E0,,
7.233968E0,,
7.250636E0,9.539081E-3,4.626269E-2
7.267304E0,,
7.283972E0,,
7.300640E0,,
7.317308E0,,
7.333977E0,9.443230E-3,4.620122E-2
7.350645E0,,
7.367313E0,,
7.383981E0,,
7.400649E0,,
7.417317E0,9.634371E-3,4.629259E-2
7.433985E0,,
7.450654E0,,
7.467322E0,,
7.483990E0,,
7.500658E0,9.539081E-3,4.626269E-2
7.517326E0,,
7.533994E0,,
7.550662E0,,
7.567330E0,,
7.583999E0,9.479291E-3,4.645327E-2
7.600667E0,,
7.617335E0,,
7.634003E0,,
7.650671E0,,
7.667339E0,9.541323E-3,4.638900E-2
7.684007E0,,
7.700675E0,,
7.717344E0,,
7.734012E0,,
7.750680E0,9.627084E-3,4.588209E-2
7.767348E0,,
7.784016E0,,
7.800684E0,,
7.817352E0,,
7.834020E0,9.501899E-3,4.594749E-2
7.850689E0,,
7.867357E0,,
7.884025E0,,
7.900693E0,,
7.917361E0,9.503020E-3,4.601064E-2
7.934029E0,,
7.950697E0,,
7.967365E0,,
7.984034E0,,
8.000702E0,9.457991E-3,4.525337E-2
8.017370E0,,
8.034038E0,,
8.050706E0,,
8.067374E0,,
8.084042E0,9.176045E-3,4.538472E-2
8.100711E0,,
8.117379E0,,
8.134047E0,,
8.150715E0,,
8.167383E0,9.364943E-3,4.534978E-2
8.184051E0,,
8.200719E0,,
8.217387E0,,
8.234056E0,,
8.250724E0,9.684071E-3,4.553363E-2
8.267392E0,,
8.284060E0,,
8.300728E0,,
8.317396E0,,
8.334064E0,9.430338E-3,4.547496E-2
8.350732E0,,
8.367401E0,,
8.384069E0,,
8.400737E0,,
8.417405E0,9.398762E-3,4.547552E-2
8.434073E0,,
8.450741E0,,
8.467409E0,,
8.484077E0,,
8.500746E0,9.430338E-3,4.547496E-2
8.517414E0,,
8.534082E0,,
8.550750E0,,
8.567418E0,,
8.584086E0,9.326640E-3,4.497142E-2
8.600754E0,,
8.617423E0,,
8.634091E0,,
8.650759E0,,
8.667427E0,9.357096E-3,4.490771E-2
8.684095E0,,
8.700763E0,,
8.717431E0,,
8.734099E0,,
8.750768E0,9.288898E-3,4.462464E-2
8.767436E0,,
8.784104E0,,
8.800772E0,,
8.817440E0,,
8.834108E0,9.349248E-3,4.446564E-2
8.850776E0,,
8.867444E0,,
8.884113E0,,
8.900781E0,,
8.917449E0,9.440054E-3,4.424292E-2
8.934117E0,,
8.950785E0,,
8.967453E0,,
8.984121E0,,
9.000789E0,9.502646E-3,4.421022E-2
9.017458E0,,
9.034126E0,,
9.050794E0,,
9.067462E0,,
9.084130E0,9.284414E-3,4.437203E-2
9.100798E0,,
9.117466E0,,
9.134135E0,,
9.150803E0,,
9.167471E0,9.374099E-3,4.408616E-2
9.184139E0,,
9.200807E0,,
9.217475E0,,
9.234143E0,,
9.250811E0,9.472752E-3,4.430551E-2
9.267480E0,,
9.284148E0,,
9.300816E0,,
9.317484E0,,
9.334152E0,9.410720E-3,4.436979E-2
9.350820E0,,
9.367488E0,,
9.384156E0,,
9.400825E0,,
9.417493E0,9.396707E-3,4.358037E-2
9.434161E0,,
9.450829E0,,
9.467497E0,,
9.484165E0,,
9.500833E0,9.146337E-3,4.371116E-2
9.517501E0,,
9.534170E0,,
9.550838E0,,
9.567506E0,,
9.584174E0,9.325706E-3,4.313943E-2
9.600842E0,,
9.617510E0,,
9.634178E0,,
9.650846E0,,
9.667515E0,9.198840E-3,4.311009E-2
9.684183E0,,
9.700851E0,,
9.717519E0,,
9.734187E0,,
9.750855E0,9.102429E-3,4.301704E-2
9.767523E0,,
9.784192E0,,
9.800860E0,,
9.817528E0,,
9.834196E0,9.166142E-3,4.304750E-2
9.850864E0,,
9.867532E0,,
9.884200E0,,
9.900868E0,,
9.917537E0,9.197719E-3,4.304694E-2
9.934205E0,,
9.950873E0,,
9.967541E0,,
9.984209E0,,
1.000088E1,9.039276E-3,4.301816E-2
1.001755E1,,
1.003421E1,,
1.005088E1,,
1.006755E1,,
1.008422E1,9.038155E-3,4.295501E-2
1.010089E1,,
1.011755E1,,
1.013422E1,,
1.015089E1,,
1.016756E1,8.936139E-3,4.254620E-2
1.018423E1,,
1.020089E1,,
1.021756E1,,
1.023423E1,,
1.025090E1,8.994807E-3,4.229247E-2
1.026757E1,,
1.028424E1,,
1.030090E1,,
1.031757E1,,
1.033424E1,9.152690E-3,4.228966E-2
1.035091E1,,
1.036758E1,,
1.038424E1,,
1.040091E1,,
1.041758E1,9.239011E-3,4.181433E-2
1.043425E1,,
1.045092E1,,
1.046758E1,,
1.048425E1,,
1.050092E1,9.202950E-3,4.156228E-2
1.051759E1,,
1.053426E1,,
1.055093E1,,
1.056759E1,,
1.058426E1,9.079447E-3,4.172241E-2
1.060093E1,,
1.061760E1,,
1.063427E1,,
1.065093E1,,
1.066760E1,8.988641E-3,4.194513E-2
1.068427E1,,
1.070094E1,,
1.071761E1,,
1.073427E1,,
1.075094E1,9.017976E-3,4.181826E-2
1.076761E1,,
1.078428E1,,
1.080095E1,,
1.081762E1,,
1.083428E1,9.076084E-3,4.153295E-2
1.085095E1,,
1.086762E1,,
1.088429E1,,
1.090096E1,,
1.091762E1,8.981915E-3,4.156621E-2
1.093429E1,,
1.095096E1,,
1.096763E1,,
1.098430E1,,
1.100096E1,8.799930E-3,4.021122E-2
1.101763E1,,
1.103430E1,,
1.105097E1,,
1.106764E1,,
1.108431E1,8.810580E-3,4.081118E-2
1.110097E1,,
1.111764E1,,
1.113431E1,,
1.115098E1,,
1.116765E1,8.713048E-3,4.065497E-2
1.118431E1,,
1.120098E1,,
1.121765E1,,
1.123432E1,,
1.125099E1,8.733414E-3,4.002288E-2
1.126765E1,,
1.128432E1,,
1.130099E1,,
1.131766E1,,
1.133433E1,8.671943E-3,4.011874E-2
1.135100E1,,
1.136766E1,,
1.138433E1,,
1.140100E1,,
1.141767E1,8.735656E-3,4.014919E-2
1.143434E1,,
1.145100E1,,
1.146767E1,,
1.148434E1,,
1.150101E1,8.768354E-3,4.021178E-2
1.151768E1,,
1.153435E1,,
1.155101E1,,
1.156768E1,,
1.158435E1,8.700716E-3,3.996029E-2
1.160102E1,,
1.161769E1,,
1.163435E1,,
1.165102E1,,
1.166769E1,8.732293E-3,3.995973E-2
1.168436E1,,
1.170103E1,,
1.171769E1,,
1.173436E1,,
1.175103E1,8.731172E-3,3.989658E-2
1.176770E1,,
1.178437E1,,
1.180104E1,,
1.181770E1,,
1.183437E1,8.401955E-3,3.914435E-2
1.185104E1,,
1.186771E1,,
1.188438E1,,
1.190104E1,,
1.191771E1,8.589732E-3,3.904626E-2
1.193438E1,,
1.195105E1,,
1.196772E1,,
1.198438E1,,
1.200105E1,8.475944E-3,3.797434E-2
1.201772E1,,
1.203439E1,,
1.205106E1,,
1.206773E1,,
1.208439E1,8.290560E-3,3.834561E-2
1.210106E1,,
1.211773E1,,
1.213440E1,,
1.215107E1,,
1.216773E1,8.332828E-3,3.821088E-2
1.218440E1,,
1.220107E1,,
1.221774E1,,
1.223441E1,,
1.225107E1,8.245914E-3,3.834640E-2
1.226774E1,,
1.228441E1,,
1.230108E1,,
1.231775E1,,
1.233442E1,8.288975E-3,3.825632E-2
1.235108E1,,
1.236775E1,,
1.238442E1,,
1.240109E1,,
1.241776E1,8.324110E-3,3.771978E-2
1.243442E1,,
1.245109E1,,
1.246776E1,,
1.248443E1,,
1.250110E1,8.330450E-3,3.807694E-2
1.251776E1,,
1.253443E1,,
1.255110E1,,
1.256777E1,,
1.258444E1,8.144735E-3,3.767830E-2
1.260111E1,,
1.261777E1,,
1.263444E1,,
1.265111E1,,
1.266778E1,8.044349E-3,3.705485E-2
1.268445E1,,
1.270111E1,,
1.271778E1,,
1.273445E1,,
1.275112E1,8.000495E-3,3.710029E-2
1.276779E1,,
1.278445E1,,
1.280112E1,,
1.281779E1,,
1.283446E1,7.806063E-3,3.621055E-2
1.285113E1,,
1.286780E1,,
1.288446E1,,
1.290113E1,,
1.291780E1,7.986230E-3,3.629667E-2
1.293447E1,,
1.295114E1,,
1.296780E1,,
1.298447E1,,
1.300114E1,7.982267E-3,3.607344E-2
1.301781E1,,
1.303448E1,,
1.305114E1,,
1.306781E1,,
1.308448E1,8.120167E-3,3.629429E-2
1.310115E1,,
1.311782E1,,
1.313449E1,,
1.315115E1,,
1.316782E1,7.939999E-3,3.620817E-2
1.318449E1,,
1.320116E1,,
1.321783E1,,
1.323449E1,,
1.325116E1,7.755869E-3,3.589882E-2
1.326783E1,,
1.328450E1,,
1.330117E1,,
1.331783E1,,
1.333450E1,7.841198E-3,3.567401E-2
1.335117E1,,
1.336784E1,,
1.338451E1,,
1.340118E1,,
1.341784E1,7.362248E-3,3.385146E-2
1.343451E1,,
1.345118E1,,
1.346785E1,,
1.348452E1,,
1.350118E1,7.472145E-3,3.501066E-2
1.351785E1,,
1.353452E1,,
1.355119E1,,
1.356786E1,,
1.358452E1,7.603704E-3,3.487435E-2
1.360119E1,,
1.361786E1,,
1.363453E1,,
1.365120E1,,
1.366787E1,7.228311E-3,3.385384E-2
1.368453E1,,
1.370120E1,,
1.371787E1,,
1.373454E1,,
1.375121E1,7.321565E-3,3.407548E-2
1.376787E1,,
1.378454E1,,
1.380121E1,,
1.381788E1,,
1.383455E1,7.223556E-3,3.358597E-2
1.385121E1,,
1.386788E1,,
1.388455E1,,
1.390122E1,,
1.391789E1,7.225934E-3,3.371990E-2
1.393456E1,,
1.395122E1,,
1.396789E1,,
1.398456E1,,
1.400123E1,6.998743E-3,3.350064E-2
1.401790E1,,
1.403456E1,,
1.405123E1,,
1.406790E1,,
1.408457E1,6.953305E-3,3.345678E-2
1.410124E1,,
1.411790E1,,
1.413457E1,,
1.415124E1,,
1.416791E1,6.909452E-3,3.350222E-2
1.418458E1,,
1.420125E1,,
1.421791E1,,
1.423458E1,,
1.425125E1,6.346759E-3,3.199378E-2
1.426792E1,,
1.428459E1,,
1.430125E1,,
1.431792E1,,
1.433459E1,6.662448E-3,3.216682E-2
1.435126E1,,
1.436793E1,,
1.438460E1,,
1.440126E1,,
1.441793E1,6.369214E-3,3.074291E-2
1.443460E1,,
1.445127E1,,
1.446794E1,,
1.448460E1,,
1.450127E1,6.152326E-3,3.110404E-2
1.451794E1,,
1.453461E1,,
1.455128E1,,
1.456794E1,,
1.458461E1,6.421784E-3,3.118858E-2
1.460128E1,,
1.461795E1,,
1.463462E1,,
1.465129E1,,
1.466795E1,6.140438E-3,3.043436E-2
1.468462E1,,
1.470129E1,,
1.471796E1,,
1.473463E1,,
1.475129E1,5.878904E-3,3.079628E-2
1.476796E1,,
1.478463E1,,
1.480130E1,,
1.481797E1,,
1.483463E1,5.994613E-3,2.976705E-2
1.485130E1,,
1.486797E1,,
1.488464E1,,
1.490131E1,,
1.491798E1,6.002538E-3,3.021351E-2
1.493464E1,,
1.495131E1,,
1.496798E1,,
1.498465E1,,
1.500132E1,5.959478E-3,3.030359E-2
1.501798E1,,
1.503465E1,,
1.505132E1,,
1.506799E1,,
1.508466E1,5.625560E-3,2.910371E-2
1.510132E1,,
1.511799E1,,
1.513466E1,,
1.515133E1,,
1.516800E1,5.583292E-3,2.923844E-2
1.518467E1,,
1.520133E1,,
1.521800E1,,
1.523467E1,,
1.525134E1,4.965651E-3,2.715039E-2
1.526801E1,,
1.528467E1,,
1.530134E1,,
1.531801E1,,
1.533468E1,4.800541E-3,2.791254E-2
1.535135E1,,
1.536801E1,,
1.538468E1,,
1.540135E1,,
1.541802E1,4.750348E-3,2.760081E-2
1.543469E1,,
1.545136E1,,
1.546802E1,,
1.548469E1,,
1.550136E1,4.660264E-3,2.755775E-2
1.551803E1,,
1.553470E1,,
1.555136E1,,
1.556803E1,,
1.558470E1,4.794201E-3,2.755538E-2
1.560137E1,,
1.561804E1,,
1.563470E1,,
1.565137E1,,
1.566804E1,4.519987E-3,2.720297E-2
1.568471E1,,
1.570138E1,,
1.571805E1,,
1.573471E1,,
1.575138E1,4.473757E-3,2.711447E-2
1.576805E1,,
1.578472E1,,
1.580139E1,,
1.581805E1,,
1.583472E1,4.043415E-3,2.551436E-2
1.585139E1,,
1.586806E1,,
1.588473E1,,
1.590139E1,,
1.591806E1,4.190032E-3,2.622631E-2
1.593473E1,,
1.595140E1,,
1.596807E1,,
1.598474E1,,
1.600140E1,4.189240E-3,2.618166E-2
1.601807E1,,
1.603474E1,,
1.605141E1,,
1.606808E1,,
1.608474E1,3.632094E-3,2.498574E-2
1.610141E1,,
1.611808E1,,
1.613475E1,,
1.615142E1,,
1.616808E1,3.542803E-3,2.498733E-2
1.618475E1,,
1.620142E1,,
1.621809E1,,
1.623476E1,,
1.625143E1,2.850136E-3,2.370449E-2
1.626809E1,,
1.628476E1,,
1.630143E1,,
1.631810E1,,
1.633477E1,3.172958E-3,2.427934E-2
1.635143E1,,
1.636810E1,,
1.638477E1,,
1.640144E1,,
1.641811E1,3.167410E-3,2.396682E-2
1.643477E1,,
1.645144E1,,
1.646811E1,,
1.648478E1,,
1.650145E1,3.071779E-3,2.361124E-2
1.651812E1,,
1.653478E1,,
1.655145E1,,
1.656812E1,,
1.658479E1,2.983280E-3,2.365747E-2
1.660146E1,,
1.661812E1,,
1.663479E1,,
1.665146E1,,
1.666813E1,2.155883E-3,2.233237E-2
1.668480E1,,
1.670146E1,,
1.671813E1,,
1.673480E1,,
1.675147E1,2.434060E-3,2.290800E-2
1.676814E1,,
1.678481E1,,
1.680147E1,,
1.681814E1,,
1.683481E1,1.880877E-3,2.193531E-2
1.685148E1,,
1.686815E1,,
1.688481E1,,
1.690148E1,,
1.691815E1,1.564395E-3,2.171763E-2
1.693482E1,,
1.695149E1,,
1.696815E1,,
1.698482E1,,
1.700149E1,1.565980E-3,2.180692E-2
1.701816E1,,
1.703483E1,,
1.705150E1,,
1.706816E1,,
1.708483E1,1.330864E-3,2.114120E-2
1.710150E1,,
1.711817E1,,
1.713484E1,,
1.715150E1,,
1.716817E1,1.464801E-3,2.113882E-2
1.718484E1,,
1.720151E1,,
1.721818E1,,
1.723485E1,,
1.725151E1,6.405745E-4,1.999230E-2
1.726818E1,,
1.728485E1,,
1.730152E1,,
1.731819E1,,
1.733485E1,1.007250E-3,2.052171E-2
1.735152E1,,
1.736819E1,,
1.738486E1,,
1.740153E1,,
1.741819E1,9.610190E-4,2.043321E-2
1.743486E1,,
1.745153E1,,
1.746820E1,,
1.748487E1,,
1.750154E1,4.532743E-4,1.950437E-2
1.751820E1,,
1.753487E1,,
1.755154E1,,
1.756821E1,,
1.758488E1,4.987124E-4,1.954822E-2
1.760154E1,,
1.761821E1,,
1.763488E1,,
1.765155E1,,
1.766822E1,-9.249277E-4,1.734051E-2
1.768488E1,,
1.770155E1,,
1.771822E1,,
1.773489E1,,
1.775156E1,-4.124278E-4,1.853723E-2
1.776823E1,,
1.778489E1,,
1.780156E1,,
1.781823E1,,
1.783490E1,-3.270992E-4,1.831241E-2
1.785157E1,,
1.786823E1,,
1.788490E1,,
1.790157E1,,
1.791824E1,-6.562615E-4,1.738040E-2
1.793491E1,,
1.795157E1,,
1.796824E1,,
1.798491E1,,
1.800158E1,-7.798955E-4,1.796317E-2
1.801825E1,,
1.803492E1,,
1.805158E1,,
1.806825E1,,
1.808492E1,-1.157666E-3,1.680873E-2
1.810159E1,,
1.811826E1,,
1.813492E1,,
1.815159E1,,
1.816826E1,-1.012634E-3,1.743139E-2
1.818493E1,,
1.820160E1,,
1.821826E1,,
1.823493E1,,
1.825160E1,-1.011049E-3,1.752068E-2
1.826827E1,,
1.828494E1,,
1.830161E1,,
1.831827E1,,
1.833494E1,-7.439677E-4,1.747128E-2
1.835161E1,,
1.836828E1,,
1.838495E1,,
1.840161E1,,
1.841828E1,-8.763195E-4,1.756295E-2
1.843495E1,,
1.845162E1,,
1.846829E1,,
1.848495E1,,
1.850162E1,-7.870283E-4,1.756136E-2
1.851829E1,,
1.853496E1,,
1.855163E1,,
1.856830E1,,
1.858496E1,-7.407976E-4,1.764986E-2
1.860163E1,,
1.861830E1,,
1.863497E1,,
1.865164E1,,
1.866830E1,-6.546765E-4,1.746969E-2
1.868497E1,,
1.870164E1,,
1.871831E1,,
1.873498E1,,
1.875164E1,-6.961520E-4,1.764907E-2
1.876831E1,,
1.878498E1,,
1.880165E1,,
1.881832E1,,
1.883499E1,-5.606301E-4,1.773598E-2
1.885165E1,,
1.886832E1,,
1.888499E1,,
1.890166E1,,
1.891833E1,-7.400051E-4,1.769451E-2
1.893499E1,,
1.895166E1,,
1.896833E1,,
1.898500E1,,
1.900167E1,-6.499213E-4,1.773757E-2
1.901833E1,,
1.903500E1,,
1.905167E1,,
1.906834E1,,
1.908501E1,-8.261262E-4,1.787468E-2
1.910168E1,,
1.911834E1,,
1.913501E1,,
1.915168E1,,
1.916835E1,-6.451662E-4,1.800544E-2
1.918502E1,,
1.920168E1,,
1.921835E1,,
1.923502E1,,
1.925169E1,-7.320798E-4,1.814096E-2
1.926836E1,,
1.928502E1,,
1.930169E1,,
1.931836E1,,
1.933503E1,-6.898118E-4,1.800623E-2
1.935170E1,,
1.936837E1,,
1.938503E1,,
1.940170E1,,
1.941837E1,-7.783105E-4,1.805246E-2
1.943504E1,,
1.945171E1,,
1.946837E1,,
1.948504E1,,
1.950171E1,-8.269187E-4,1.783003E-2
1.951838E1,,
1.953505E1,,
1.955171E1,,
1.956838E1,,
1.958505E1,-6.483363E-4,1.782686E-2
1.960172E1,,
1.961839E1,,
1.963506E1,,
1.965172E1,,
1.966839E1,-9.832352E-5,1.862097E-2
1.968506E1,,
1.970173E1,,
1.971840E1,,
1.973506E1,,
1.975173E1,4.038735E-4,1.923729E-2
1.976840E1,,
1.978507E1,,
1.980174E1,,
1.981840E1,,
1.983507E1,4.038735E-4,1.923729E-2
1.985174E1,,
1.986841E1,,
1.988508E1,,
1.990175E1,,
1.991841E1,9.578489E-4,2.025463E-2
1.993508E1,,
1.995175E1,,
1.996842E1,,
1.998509E1,,
2.000175E1,1.001702E-3,2.020919E-2
2.001842E1,,
2.003509E1,,
2.005176E1,,
2.006843E1,,
2.008510E1,1.695954E-3,2.158132E-2
2.010176E1,,
2.011843E1,,
2.013510E1,,
2.015177E1,,
2.016844E1,1.605078E-3,2.149361E-2
2.018510E1,,
2.020177E1,,
2.021844E1,,
2.023511E1,,
2.025178E1,1.872159E-3,2.144421E-2
2.026844E1,,
2.028511E1,,
2.030178E1,,
2.031845E1,,
2.033512E1,2.556109E-3,2.223594E-2
2.035179E1,,
2.036845E1,,
2.038512E1,,
2.040179E1,,
2.041846E1,2.647778E-3,2.236830E-2
2.043513E1,,
2.045179E1,,
2.046846E1,,
2.048513E1,,
2.050180E1,2.972185E-3,2.303243E-2
2.051847E1,,
2.053513E1,,
2.055180E1,,
2.056847E1,,
2.058514E1,2.884479E-3,2.312331E-2
2.060181E1,,
2.061848E1,,
2.063514E1,,
2.065181E1,,
2.066848E1,3.157900E-3,2.343107E-2
2.068515E1,,
2.070182E1,,
2.071848E1,,
2.073515E1,,
2.075182E1,3.021586E-3,2.329951E-2
2.076849E1,,
2.078516E1,,
2.080182E1,,
2.081849E1,,
2.083516E1,3.204131E-3,2.351957E-2
2.085183E1,,
2.086850E1,,
2.088517E1,,
2.090183E1,,
2.091850E1,3.706328E-3,2.413589E-2
2.093517E1,,
2.095184E1,,
2.096851E1,,
2.098517E1,,
2.100184E1,4.072210E-3,2.462065E-2
2.101851E1,,
2.103518E1,,
2.105185E1,,
2.106851E1,,
2.108518E1,4.265058E-3,2.542110E-2
2.110185E1,,
2.111852E1,,
2.113519E1,,
2.115186E1,,
2.116852E1,4.350387E-3,2.519629E-2
2.118519E1,,
2.120186E1,,
2.121853E1,,
2.123520E1,,
2.125186E1,4.617468E-3,2.514689E-2
2.126853E1,,
2.128520E1,,
2.130187E1,,
2.131854E1,,
2.133520E1,4.677171E-3,2.599436E-2
2.135187E1,,
2.136854E1,,
2.138521E1,,
2.140188E1,,
2.141855E1,4.949008E-3,2.621284E-2
2.143521E1,,
2.145188E1,,
2.146855E1,,
2.148522E1,,
2.150189E1,4.771218E-3,2.626065E-2
2.151855E1,,
2.153522E1,,
2.155189E1,,
2.156856E1,,
2.158523E1,4.771218E-3,2.626065E-2
2.160189E1,,
2.161856E1,,
2.163523E1,,
2.165190E1,,
2.166857E1,4.728157E-3,2.635074E-2
2.168524E1,,
2.170190E1,,
2.171857E1,,
2.173524E1,,
2.175191E1,5.230354E-3,2.696706E-2
2.176858E1,,
2.178524E1,,
2.180191E1,,
2.181858E1,,
2.183525E1,5.236695E-3,2.732422E-2
2.185192E1,,
2.186858E1,,
2.188525E1,,
2.190192E1,,
2.191859E1,5.922229E-3,2.820525E-2
2.193526E1,,
2.195193E1,,
2.196859E1,,
2.198526E1,,
2.200193E1,5.930154E-3,2.865170E-2
2.201860E1,,
2.203527E1,,
2.205193E1,,
2.206860E1,,
2.208527E1,6.166063E-3,2.936207E-2
2.210194E1,,
2.211861E1,,
2.213527E1,,
2.215194E1,,
2.216861E1,6.118247E-3,2.918428E-2
2.218528E1,,
2.220195E1,,
2.221862E1,,
2.223528E1,,
2.225195E1,6.384536E-3,2.909023E-2
2.226862E1,,
2.228529E1,,
2.230196E1,,
2.231862E1,,
2.233529E1,6.295245E-3,2.909182E-2
2.235196E1,,
2.236863E1,,
2.238530E1,,
2.240196E1,,
2.241863E1,6.298415E-3,2.927040E-2
2.243530E1,,
2.245197E1,,
2.246864E1,,
2.248531E1,,
2.250197E1,6.399594E-3,2.993850E-2
2.251864E1,,
2.253531E1,,
2.255198E1,,
2.256865E1,,
2.258531E1,6.720831E-3,3.042405E-2
2.260198E1,,
2.261865E1,,
2.263532E1,,
2.265199E1,,
2.266865E1,6.674600E-3,3.033555E-2
2.268532E1,,
2.270199E1,,
2.271866E1,,
2.273533E1,,
2.275200E1,7.144832E-3,3.166700E-2
2.276866E1,,
2.278533E1,,
2.280200E1,,
2.281867E1,,
2.283534E1,7.144832E-3,3.166700E-2
2.285200E1,,
2.286867E1,,
2.288534E1,,
2.290201E1,,
2.291868E1,7.377570E-3,3.219878E-2
2.293535E1,,
2.295201E1,,
2.296868E1,,
2.298535E1,,
2.300202E1,7.514677E-3,3.237499E-2
2.301869E1,,
2.303535E1,,
2.305202E1,,
2.306869E1,,
2.308536E1,7.377570E-3,3.219878E-2
2.310203E1,,
2.311869E1,,
2.313536E1,,
2.315203E1,,
2.316870E1,7.332132E-3,3.215493E-2
2.318537E1,,
2.320204E1,,
2.321870E1,,
2.323537E1,,
2.325204E1,7.375985E-3,3.210949E-2
2.326871E1,,
2.328538E1,,
2.330204E1,,
2.331871E1,,
2.333538E1,7.698015E-3,3.263969E-2
2.335205E1,,
2.336872E1,,
2.338538E1,,
2.340205E1,,
2.341872E1,7.614271E-3,3.295380E-2
2.343539E1,,
2.345206E1,,
2.346873E1,,
2.348539E1,,
2.350206E1,8.075785E-3,3.379414E-2
2.351873E1,,
2.353540E1,,
2.355207E1,,
2.356873E1,,
2.358540E1,8.217647E-3,3.423821E-2
2.360207E1,,
2.361874E1,,
2.363541E1,,
2.365207E1,,
2.366874E1,8.132319E-3,3.446303E-2
2.368541E1,,
2.370208E1,,
2.371875E1,,
2.373542E1,,
2.375208E1,8.141037E-3,3.495413E-2
2.376875E1,,
2.378542E1,,
2.380209E1,,
2.381876E1,,
2.383542E1,8.364265E-3,3.495017E-2
2.385209E1,,
2.386876E1,,
2.388543E1,,
2.390210E1,,
2.391876E1,8.406533E-3,3.481544E-2
2.393543E1,,
2.395210E1,,
2.396877E1,,
2.398544E1,,
2.400211E1,8.224780E-3,3.464003E-2
2.401877E1,,
2.403544E1,,
2.405211E1,,
2.406878E1,,
2.408545E1,8.268633E-3,3.459459E-2
2.410211E1,,
2.411878E1,,
2.413545E1,,
2.415212E1,,
2.416879E1,8.325167E-3,3.526348E-2
2.418545E1,,
2.420212E1,,
2.421879E1,,
2.423546E1,,
2.425213E1,8.509297E-3,3.557283E-2
2.426880E1,,
2.428546E1,,
2.430213E1,,
2.431880E1,,
2.433547E1,8.888652E-3,3.681656E-2
2.435214E1,,
2.436880E1,,
2.438547E1,,
2.440214E1,,
2.441881E1,9.119013E-3,3.721441E-2
2.443548E1,,
2.445214E1,,
2.446881E1,,
2.448548E1,,
2.450215E1,9.120598E-3,3.730370E-2
2.451882E1,,
2.453549E1,,
2.455215E1,,
2.456882E1,,
2.458549E1,9.033685E-3,3.743923E-2
2.460216E1,,
2.461883E1,,
2.463549E1,,
2.465216E1,,
2.466883E1,9.167621E-3,3.743685E-2
2.468550E1,,
2.470217E1,,
2.471883E1,,
2.473550E1,,
2.475217E1,9.116636E-3,3.708048E-2
2.476884E1,,
2.478551E1,,
2.480218E1,,
2.481884E1,,
2.483551E1,9.075953E-3,3.730450E-2
2.485218E1,,
2.486885E1,,
2.488552E1,,
2.490218E1,,
2.491885E1,9.178717E-3,3.806189E-2
2.493552E1,,
2.495219E1,,
2.496886E1,,
2.498552E1,,
2.500219E1,9.138034E-3,3.828591E-2
2.501886E1,,
2.503553E1,,
2.505220E1,,
2.506887E1,,
2.508553E1,9.095766E-3,3.842064E-2
2.510220E1,,
2.511887E1,,
2.513554E1,,
2.515221E1,,
2.516887E1,9.288614E-3,3.922109E-2
2.518554E1,,
2.520221E1,,
2.521888E1,,
2.523555E1,,
2.525221E1,9.337222E-3,3.944352E-2
2.526888E1,,
2.528555E1,,
2.530222E1,,
2.531889E1,,
2.533556E1,9.521352E-3,3.975287E-2
2.535222E1,,
2.536889E1,,
2.538556E1,,
2.540223E1,,
2.541890E1,9.431268E-3,3.970981E-2
2.543556E1,,
2.545223E1,,
2.546890E1,,
2.548557E1,,
2.550224E1,9.609058E-3,3.966200E-2
2.551890E1,,
2.553557E1,,
2.555224E1,,
2.556891E1,,
2.558558E1,9.472744E-3,3.953044E-2
2.560225E1,,
2.561891E1,,
2.563558E1,,
2.565225E1,,
2.566892E1,9.382660E-3,3.948738E-2
2.568559E1,,
2.570225E1,,
2.571892E1,,
2.573559E1,,
2.575226E1,9.656874E-3,3.983979E-2
2.576893E1,,
2.578560E1,,
2.580226E1,,
2.581893E1,,
2.583560E1,9.617776E-3,4.015310E-2
2.585227E1,,
2.586894E1,,
2.588560E1,,
2.590227E1,,
2.591894E1,9.984451E-3,4.068250E-2
2.593561E1,,
2.595228E1,,
2.596894E1,,
2.598561E1,,
2.600228E1,9.809831E-3,4.090890E-2
2.601895E1,,
2.603562E1,,
2.605229E1,,
2.606895E1,,
2.608562E1,9.856062E-3,4.099740E-2
2.610229E1,,
2.611896E1,,
2.613563E1,,
2.615229E1,,
2.616896E1,9.639174E-3,4.135853E-2
2.618563E1,,
2.620230E1,,
2.621897E1,,
2.623563E1,,
2.625230E1,9.683027E-3,4.131309E-2
2.626897E1,,
2.628564E1,,
2.630231E1,,
2.631898E1,,
2.633564E1,9.768356E-3,4.108828E-2
2.635231E1,,
2.636898E1,,
2.638565E1,,
2.640232E1,,
2.641898E1,9.549090E-3,4.131547E-2
2.643565E1,,
2.645232E1,,
2.646899E1,,
2.648566E1,,
2.650232E1,9.593736E-3,4.131468E-2
2.651899E1,,
2.653566E1,,
2.655233E1,,
2.656900E1,,
2.658567E1,9.559393E-3,4.189586E-2
2.660233E1,,
2.661900E1,,
2.663567E1,,
2.665234E1,,
2.666901E1,9.872705E-3,4.193496E-2
2.668567E1,,
2.670234E1,,
2.671901E1,,
2.673568E1,,
2.675235E1,1.006397E-2,4.264612E-2
2.676901E1,,
2.678568E1,,
2.680235E1,,
2.681902E1,,
2.683569E1,1.006476E-2,4.269076E-2
2.685236E1,,
2.686902E1,,
2.688569E1,,
2.690236E1,,
2.691903E1,9.931616E-3,4.273779E-2
2.693570E1,,
2.695236E1,,
2.696903E1,,
2.698570E1,,
2.700237E1,9.933201E-3,4.282708E-2
2.701904E1,,
2.703570E1,,
2.705237E1,,
2.706904E1,,
2.708571E1,9.885385E-3,4.264929E-2
2.710238E1,,
2.711905E1,,
2.713571E1,,
2.715238E1,,
2.716905E1,9.928446E-3,4.255921E-2
2.718572E1,,
2.720239E1,,
2.721905E1,,
2.723572E1,,
2.725239E1,9.704425E-3,4.251852E-2
2.726906E1,,
2.728573E1,,
2.730239E1,,
2.731906E1,,
2.733573E1,9.845495E-3,4.291796E-2
2.735240E1,,
2.736907E1,,
2.738574E1,,
2.740240E1,,
2.741907E1,9.807190E-3,4.327591E-2
2.743574E1,,
2.745241E1,,
2.746908E1,,
2.748574E1,,
2.750241E1,9.629400E-3,4.332373E-2
2.751908E1,,
2.753575E1,,
2.755242E1,,
2.756908E1,,
2.758575E1,9.729786E-3,4.394718E-2
2.760242E1,,
2.761909E1,,
2.763576E1,,
2.765243E1,,
2.766909E1,9.864516E-3,4.398945E-2
2.768576E1,,
2.770243E1,,
2.771910E1,,
2.773577E1,,
2.775243E1,9.728994E-3,4.390254E-2
2.776910E1,,
2.778577E1,,
2.780244E1,,
2.781911E1,,
2.783577E1,9.862931E-3,4.390016E-2
2.785244E1,,
2.786911E1,,
2.788578E1,,
2.790245E1,,
2.791912E1,9.638117E-3,4.381483E-2
2.793578E1,,
2.795245E1,,
2.796912E1,,
2.798579E1,,
2.800246E1,9.594264E-3,4.386027E-2
2.801912E1,,
2.803579E1,,
2.805246E1,,
2.806913E1,,
2.808580E1,9.728201E-3,4.385789E-2
2.810246E1,,
2.811913E1,,
2.813580E1,,
2.815247E1,,
2.816914E1,9.866893E-3,4.412339E-2
2.818581E1,,
2.820247E1,,
2.821914E1,,
2.823581E1,,
2.825248E1,9.783942E-3,4.448214E-2
2.826915E1,,
2.828581E1,,
2.830248E1,,
2.831915E1,,
2.833582E1,9.965695E-3,4.465755E-2
2.835249E1,,
2.836915E1,,
2.838582E1,,
2.840249E1,,
2.841916E1,9.922634E-3,4.474763E-2
2.843583E1,,
2.845250E1,,
2.846916E1,,
2.848583E1,,
2.850250E1,9.927389E-3,4.501551E-2
2.851917E1,,
2.853584E1,,
2.855250E1,,
2.856917E1,,
2.858584E1,9.795038E-3,4.510718E-2
2.860251E1,,
2.861918E1,,
2.863585E1,,
2.865251E1,,
2.866918E1,9.971242E-3,4.497007E-2
2.868585E1,,
2.870252E1,,
2.871919E1,,
2.873585E1,,
2.875252E1,1.019130E-2,4.478752E-2
2.876919E1,,
2.878586E1,,
2.880253E1,,
2.881919E1,,
2.883586E1,1.001351E-2,4.483534E-2
2.885253E1,,
2.886920E1,,
2.888587E1,,
2.890254E1,,
2.891920E1,9.883536E-3,4.506094E-2
2.893587E1,,
2.895254E1,,
2.896921E1,,
2.898588E1,,
2.900254E1,9.935315E-3,4.546196E-2
2.901921E1,,
2.903588E1,,
2.905255E1,,
2.906922E1,,
2.908588E1,1.007242E-2,4.563817E-2
2.910255E1,,
2.911922E1,,
2.913589E1,,
2.915256E1,,
2.916923E1,9.631513E-3,4.595861E-2
2.918589E1,,
2.920256E1,,
2.921923E1,,
2.923590E1,,
2.925257E1,9.948788E-3,4.622094E-2
2.926923E1,,
2.928590E1,,
2.930257E1,,
2.931924E1,,
2.933591E1,1.008114E-2,4.612927E-2
2.935257E1,,
2.936924E1,,
2.938591E1,,
2.940258E1,,
2.941925E1,9.943240E-3,4.590842E-2
2.943592E1,,
2.945258E1,,
2.946925E1,,
2.948592E1,,
2.950259E1,9.899387E-3,4.595386E-2
2.951926E1,,
2.953592E1,,
2.955259E1,,
2.956926E1,,
2.958593E1,9.893839E-3,4.564134E-2
2.960260E1,,
2.961926E1,,
2.963593E1,,
2.965260E1,,
2.966927E1,1.025021E-2,4.559035E-2
2.968594E1,,
2.970261E1,,
2.971927E1,,
2.973594E1,,
2.975261E1,1.016885E-2,4.603839E-2
2.976928E1,,
2.978595E1,,
2.980261E1,,
2.981928E1,,
2.983595E1,1.012658E-2,4.617312E-2
2.985262E1,,
2.986929E1,,
2.988595E1,,
2.990262E1,,
2.991929E1,1.003649E-2,4.613006E-2
2.993596E1,,
2.995263E1,,
2.996930E1,,
2.998596E1,,
3.000263E1,1.004283E-2,4.648723E-2
3.001930E1,,
3.003597E1,,
3.005264E1,,
3.006930E1,,
3.008597E1,1.000215E-2,4.671125E-2
3.010264E1,,
3.011931E1,,
3.013598E1,,
3.015264E1,,
3.016931E1,9.953543E-3,4.648881E-2
3.018598E1,,
3.020265E1,,
3.021932E1,,
3.023599E1,,
3.025265E1,1.013292E-2,4.653029E-2
3.026932E1,,
3.028599E1,,
3.030266E1,,
3.031933E1,,
3.033599E1,1.013371E-2,4.657493E-2
3.035266E1,,
3.036933E1,,
3.038600E1,,
3.040267E1,,
3.041933E1,9.996603E-3,4.639873E-2
3.043600E1,,
3.045267E1,,
3.046934E1,,
3.048601E1,,
3.050268E1,1.004283E-2,4.648723E-2
3.051934E1,,
3.053601E1,,
3.055268E1,,
3.056935E1,,
3.058602E1,9.962260E-3,4.697991E-2
3.060268E1,,
3.061935E1,,
3.063602E1,,
3.065269E1,,
3.066936E1,1.018470E-2,4.693130E-2
3.068602E1,,
3.070269E1,,
3.071936E1,,
3.073603E1,,
3.075270E1,1.018311E-2,4.684201E-2
3.076937E1,,
3.078603E1,,
3.080270E1,,
3.081937E1,,
3.083604E1,1.028033E-2,4.728688E-2
3.085271E1,,
3.086937E1,,
3.088604E1,,
3.090271E1,,
3.091938E1,1.028112E-2,4.733153E-2
3.093605E1,,
3.095271E1,,
3.096938E1,,
3.098605E1,,
3.100272E1,9.924748E-3,4.738252E-2
3.101939E1,,
3.103606E1,,
3.105272E1,,
3.106939E1,,
3.108606E1,1.019421E-2,4.746705E-2
3.110273E1,,
3.111940E1,,
3.113606E1,,
3.115273E1,,
3.116940E1,1.000770E-2,4.702377E-2
3.118607E1,,
3.120274E1,,
3.121940E1,,
3.123607E1,,
3.125274E1,1.032180E-2,4.710751E-2
3.126941E1,,
3.128608E1,,
3.130275E1,,
3.131941E1,,
3.133608E1,1.010016E-2,4.720076E-2
3.135275E1,,
3.136942E1,,
3.138609E1,,
3.140275E1,,
3.141942E1,1.002038E-2,4.773810E-2
3.143609E1,,
3.145276E1,,
3.146943E1,,
3.148610E1,,
3.150276E1,1.019896E-2,4.773493E-2
3.151943E1,,
3.153610E1,,
3.155277E1,,
3.156944E1,,
3.158610E1,1.011839E-2,4.822761E-2
3.160277E1,,
3.161944E1,,
3.163611E1,,
3.165278E1,,
3.166944E1,1.007136E-2,4.809447E-2
3.168611E1,,
3.170278E1,,
3.171945E1,,
3.173612E1,,
3.175279E1,1.007136E-2,4.809447E-2
3.176945E1,,
3.178612E1,,
3.180279E1,,
3.181946E1,,
3.183613E1,1.024836E-2,4.800201E-2
3.185279E1,,
3.186946E1,,
3.188613E1,,
3.190280E1,,
3.191947E1,1.007374E-2,4.822840E-2
3.193613E1,,
3.195280E1,,
3.196947E1,,
3.198614E1,,
3.200281E1,9.935050E-3,4.796291E-2
3.201948E1,,
3.203614E1,,
3.205281E1,,
3.206948E1,,
3.208615E1,1.011046E-2,4.778116E-2
3.210282E1,,
3.211948E1,,
3.213615E1,,
3.215282E1,,
3.216949E1,1.001959E-2,4.769345E-2
3.218616E1,,
3.220282E1,,
3.221949E1,,
3.223616E1,,
3.225283E1,1.002355E-2,4.791668E-2
3.226950E1,,
3.228617E1,,
3.230283E1,,
3.231950E1,,
3.233617E1,1.011997E-2,4.831690E-2
3.235284E1,,
3.236951E1,,
3.238617E1,,
3.240284E1,,
3.241951E1,1.021640E-2,4.871713E-2
3.243618E1,,
3.245285E1,,
3.246951E1,,
3.248618E1,,
3.250285E1,1.012790E-2,4.876336E-2
3.251952E1,,
3.253619E1,,
3.255286E1,,
3.256952E1,,
3.258619E1,9.903878E-3,4.872268E-2
3.260286E1,,
3.261953E1,,
3.263620E1,,
3.265286E1,,
3.266953E1,1.017096E-2,4.867328E-2
3.268620E1,,
3.270287E1,,
3.271954E1,,
3.273620E1,,
3.275287E1,1.016937E-2,4.858398E-2
3.276954E1,,
3.278621E1,,
3.280288E1,,
3.281955E1,,
3.283621E1,1.007533E-2,4.831770E-2
3.285288E1,,
3.286955E1,,
3.288622E1,,
3.290289E1,,
3.291955E1,9.900708E-3,4.854409E-2
3.293622E1,,
3.295289E1,,
3.296956E1,,
3.298623E1,,
3.300289E1,9.817757E-3,4.890284E-2
3.301956E1,,
3.303623E1,,
3.305290E1,,
3.306957E1,,
3.308624E1,1.004019E-2,4.885424E-2
3.310290E1,,
3.311957E1,,
3.313624E1,,
3.315291E1,,
3.316958E1,1.004019E-2,4.885424E-2
3.318624E1,,
3.320291E1,,
3.321958E1,,
3.323625E1,,
3.325292E1,1.008801E-2,4.903203E-2
3.326958E1,,
3.328625E1,,
3.330292E1,,
3.331959E1,,
3.333626E1,9.864780E-3,4.903599E-2
3.335293E1,,
3.336959E1,,
3.338626E1,,
3.340293E1,,
3.341960E1,1.012948E-2,4.885265E-2
3.343627E1,,
3.345293E1,,
3.346960E1,,
3.348627E1,,
3.350294E1,1.000109E-2,4.916755E-2
3.351961E1,,
3.353627E1,,
3.355294E1,,
3.356961E1,,
3.358628E1,1.008880E-2,4.907667E-2
3.360295E1,,
3.361962E1,,
3.363628E1,,
3.365295E1,,
3.366962E1,1.016779E-2,4.849469E-2
3.368629E1,,
3.370296E1,,
3.371962E1,,
3.373629E1,,
3.375296E1,9.993961E-3,4.876574E-2
3.376963E1,,
3.378630E1,,
3.380296E1,,
3.381963E1,,
3.383630E1,1.004178E-2,4.894353E-2
3.385297E1,,
3.386964E1,,
3.388631E1,,
3.390297E1,,
3.391964E1,9.956449E-3,4.916834E-2
3.393631E1,,
3.395298E1,,
3.396965E1,,
3.398631E1,,
3.400298E1,1.004970E-2,4.938998E-2
3.401965E1,,
3.403632E1,,
3.405299E1,,
3.406965E1,,
3.408632E1,1.014216E-2,4.956698E-2
3.410299E1,,
3.411966E1,,
3.413633E1,,
3.415300E1,,
3.416966E1,1.027214E-2,4.934138E-2
3.418633E1,,
3.420300E1,,
3.421967E1,,
3.423634E1,,
3.425300E1,1.022511E-2,4.920823E-2
3.426967E1,,
3.428634E1,,
3.430301E1,,
3.431968E1,,
3.433635E1,1.000109E-2,4.916755E-2
3.435301E1,,
3.436968E1,,
3.438635E1,,
3.440302E1,,
3.441969E1,1.013186E-2,4.898659E-2
3.443635E1,,
3.445302E1,,
3.446969E1,,
3.448636E1,,
3.450303E1,9.956449E-3,4.916834E-2
3.451969E1,,
3.453636E1,,
3.455303E1,,
3.456970E1,,
3.458637E1,9.865572E-3,4.908063E-2
3.460304E1,,
3.461970E1,,
3.463637E1,,
3.465304E1,,
3.466971E1,1.009197E-2,4.925525E-2
3.468638E1,,
3.470304E1,,
3.471971E1,,
3.473638E1,,
3.475305E1,9.917351E-3,4.948165E-2
3.476972E1,,
3.478638E1,,
3.480305E1,,
3.481972E1,,
3.483639E1,1.014375E-2,4.965627E-2
3.485306E1,,
3.486973E1,,
3.488639E1,,
3.490306E1,,
3.491973E1,1.005446E-2,4.965786E-2
3.493640E1,,
3.495307E1,,
3.496973E1,,
3.498640E1,,
3.500307E1,1.028006E-2,4.978783E-2
3.501974E1,,
3.503641E1,,
3.505307E1,,
3.506974E1,,
3.508641E1,1.001060E-2,4.970330E-2
3.510308E1,,
3.511975E1,,
3.513642E1,,
3.515308E1,,
3.516975E1,1.010069E-2,4.974636E-2
3.518642E1,,
3.520309E1,,
3.521976E1,,
3.523642E1,,
3.525309E1,9.960411E-3,4.939157E-2
3.526976E1,,
3.528643E1,,
3.530310E1,,
3.531976E1,,
3.533643E1,9.875083E-3,4.961638E-2
3.535310E1,,
3.536977E1,,
3.538644E1,,
3.540311E1,,
3.541977E1,9.879045E-3,4.983961E-2
3.543644E1,,
3.545311E1,,
3.546978E1,,
3.548645E1,,
3.550311E1,9.966751E-3,4.974873E-2
3.551978E1,,
3.553645E1,,
3.555312E1,,
3.556979E1,,
3.558645E1,9.967544E-3,4.979338E-2
3.560312E1,,
3.561979E1,,
3.563646E1,,
3.565313E1,,
3.566980E1,9.883008E-3,5.006284E-2
3.568646E1,,
3.570313E1,,
3.571980E1,,
3.573647E1,,
3.575314E1,9.883008E-3,5.006284E-2
3.576980E1,,
3.578647E1,,
3.580314E1,,
3.581981E1,,
3.583648E1,1.009831E-2,4.961242E-2
3.585314E1,,
3.586981E1,,
3.588648E1,,
3.590315E1,,
3.591982E1,1.006001E-2,4.997038E-2
3.593649E1,,
3.595315E1,,
3.596982E1,,
3.598649E1,,
3.600316E1,1.001060E-2,4.970330E-2
3.601983E1,,
3.603649E1,,
3.605316E1,,
3.606983E1,,
3.608650E1,9.962789E-3,4.952551E-2
3.610317E1,,
3.611983E1,,
3.613650E1,,
3.615317E1,,
3.616984E1,9.921313E-3,4.970488E-2
3.618651E1,,
3.620318E1,,
3.621984E1,,
3.623651E1,,
3.625318E1,9.921313E-3,4.970488E-2
3.626985E1,,
3.628652E1,,
3.630318E1,,
3.631985E1,,
3.633652E1,9.919728E-3,4.961559E-2
3.635319E1,,
3.636986E1,,
3.638652E1,,
3.640319E1,,
3.641986E1,9.875083E-3,4.961638E-2
3.643653E1,,
3.645320E1,,
3.646987E1,,
3.648653E1,,
3.650320E1,9.873498E-3,4.952709E-2
3.651987E1,,
3.653654E1,,
3.655321E1,,
3.656987E1,,
3.658654E1,9.874290E-3,4.957174E-2
3.660321E1,,
3.661988E1,,
3.663655E1,,
3.665321E1,,
3.666988E1,9.918143E-3,4.952630E-2
3.668655E1,,
3.670322E1,,
3.671989E1,,
3.673656E1,,
3.675322E1,9.918143E-3,4.952630E-2
